Stock Index,Stock Price
AC3235,768.20074
AC3236,260.4333
AC3237,1556.2887
AC3238,845.9972
AC3239,299.03778
AC3240,390.41544
AC3241,739.5762
AC3242,893.7984
AC3243,844.48315
AC3244,1399.0963
AC3245,313.09082
AC3246,443.2175
AC3247,992.2697
AC3248,165.33414
AC3249,147.27628
AC3250,248.01678
AC3251,1786.1873
AC3252,141.01462
AC3253,303.16394
AC3254,203.9609
AC3255,994.6832
AC3256,826.48346
AC3257,1529.2651
AC3258,526.6009
AC3259,284.60205
AC3260,269.54715
AC3261,148.18124
AC3262,240.65082
AC3263,415.49075
AC3264,132.07568
AC3265,1122.6152
AC3266,856.7106
AC3267,1360.4818
AC3268,794.98663
AC3269,409.2421
AC3270,816.48627
AC3271,105.771
AC3272,378.4582
AC3273,923.8179
AC3274,722.5465
AC3275,507.0022
AC3276,674.0986
AC3277,1068.9662
AC3278,1040.2251
AC3279,198.49286
AC3280,463.6737
AC3281,887.16986
AC3282,146.03867
AC3283,754.7191
AC3284,1411.1809
AC3285,125.72352
AC3286,845.171
AC3287,206.78433
AC3288,213.13992
AC3289,168.78976
AC3290,194.48633
AC3291,184.198
AC3292,99.06083
AC3293,527.44196
AC3294,201.25351
AC3295,568.9072
AC3296,116.32984
AC3297,609.80334
AC3298,816.2784
AC3299,129.09482
AC3300,107.7859
AC3301,855.7662
AC3302,146.01602
AC3303,1230.5947
AC3304,26.153387
AC3305,260.98932
AC3306,172.1655
AC3307,34.87928
AC3308,137.79337
AC3309,283.69742
AC3310,813.63556
AC3311,1086.8396
AC3312,877.934
AC3313,22.861029
AC3314,89.78321
AC3315,133.20615
AC3316,448.311
AC3317,1112.0728
AC3318,551.4105
AC3319,1188.7611
AC3320,14.411994
AC3321,120.107124
AC3322,93.524025
AC3323,859.23395
AC3324,100.133736
AC3325,268.76096
AC3326,394.20285
AC3327,94.33521
AC3328,137.60678
AC3329,700.24756
AC3330,887.23224
AC3331,268.87402
AC3332,771.70135
AC3333,1461.5856
AC3334,324.66003
AC3335,591.5966
AC3336,154.24646
AC3337,624.12024
AC3338,1744.8221
AC3339,1100.9889
AC3340,105.781654
AC3341,1212.5883
AC3342,1225.206
AC3343,294.14093
AC3344,110.48777
AC3345,213.48132
AC3346,101.67396
AC3347,283.62262
AC3348,676.846
AC3349,533.8296
AC3350,129.12598
AC3351,805.9201
AC3352,70.37089
AC3353,415.9398
AC3354,275.66046
AC3355,638.28033
AC3356,215.73718
AC3357,617.5613
AC3358,1593.5575
AC3359,1319.7764
AC3360,1187.7838
AC3361,226.81534
AC3362,344.34064
AC3363,515.3623
AC3364,333.04053
AC3365,119.57557
AC3366,350.59128
AC3367,260.1088
AC3368,822.4558
AC3369,324.41412
AC3370,576.7579
AC3371,370.43817
AC3372,497.5064
AC3373,259.62436
AC3374,351.9625
AC3375,1087.6182
AC3376,495.4337
AC3377,188.12216
AC3378,388.3897
AC3379,624.4474
AC3380,161.04752
AC3381,416.88535
AC3382,586.18964
AC3383,164.30142
AC3384,223.36115
AC3385,235.04602
AC3386,151.45657
AC3387,279.4786
AC3388,1630.9987
AC3389,255.19928
AC3390,239.00314
AC3391,818.942
AC3392,636.9036
AC3393,463.657
AC3394,514.0468
AC3395,1470.265
AC3396,49.9571
AC3397,684.9468
AC3398,419.08392
AC3399,74.932045
AC3400,189.08173
AC3401,151.5639
AC3402,474.03638
AC3403,299.42206
AC3404,84.222664
AC3405,131.60132
AC3406,333.99533
AC3407,174.66043
AC3408,698.2887
AC3409,1247.8154
AC3410,942.22784
AC3411,877.03534
AC3412,1520.4657
AC3413,192.36932
AC3414,324.15524
AC3415,211.77252
AC3416,563.75854
AC3417,869.9208
AC3418,174.03455
AC3419,1345.9731
AC3420,192.61871
AC3421,215.49655
AC3422,731.3792
AC3423,122.23658
AC3424,1191.2615
AC3425,223.04263
AC3426,97.36271
AC3427,370.86176
AC3428,741.5683
AC3429,740.5118
AC3430,318.41354
AC3431,489.40576
AC3432,521.18567
AC3433,195.9732
AC3434,858.73486
AC3435,1105.983
AC3436,449.2112
AC3437,145.95865
AC3438,1540.6722
AC3439,178.45847
AC3440,1242.0802
AC3441,438.8183
AC3442,49.879585
AC3443,622.8572
AC3444,177.93994
AC3445,123.293434
AC3446,775.1937
AC3447,817.1394
AC3448,161.2959
AC3449,1116.2528
AC3450,205.37778
AC3451,1060.1709
AC3452,717.39026
AC3453,617.5478
AC3454,86.484535
AC3455,736.7711
AC3456,180.99777
AC3457,579.32965
AC3458,742.25507
AC3459,1787.7318
AC3460,514.6536
AC3461,564.4692
AC3462,483.6321
AC3463,1250.9606
AC3464,262.38748
AC3465,610.118
AC3466,167.11404
AC3467,170.96579
AC3468,1370.0334
AC3469,289.46344
AC3470,358.07547
AC3471,675.2001
AC3472,221.2156
AC3473,431.5834
AC3474,477.4179
AC3475,120.02659
AC3476,529.6758
AC3477,857.9732
AC3478,140.22202
AC3479,221.31479
AC3480,168.33298
AC3481,1144.5632
AC3482,385.26965
AC3483,1016.97626
AC3484,927.83417
AC3485,780.2332
AC3486,129.65158
AC3487,226.25912
AC3488,1732.9296
AC3489,803.4581
AC3490,1531.7787
AC3491,255.90436
AC3492,960.6297
AC3493,84.21412
AC3494,1044.6987
AC3495,150.10532
AC3496,1292.3286
AC3497,452.61008
AC3498,54.47779
AC3499,388.43494
AC3500,125.95066
AC3501,250.1821
AC3502,245.99658
AC3503,311.85806
AC3504,1123.8031
AC3505,1107.1516
AC3506,500.77585
AC3507,845.8805
AC3508,892.8011
AC3509,392.77634
AC3510,1255.6505
AC3511,993.8101
AC3512,936.95184
AC3513,550.23096
AC3514,189.19592
AC3515,899.0132
AC3516,563.62366
AC3517,498.70428
AC3518,561.8818
AC3519,976.4519
AC3520,1756.0972
AC3521,778.7191
AC3522,1229.7491
AC3523,1014.07635
AC3524,1176.6824
AC3525,766.0097
AC3526,453.2546
AC3527,139.8501
AC3528,96.270424
AC3529,963.2985
AC3530,524.4222
AC3531,600.9371
AC3532,786.56537
AC3533,544.52686
AC3534,828.931
AC3535,896.80804
AC3536,241.45984
AC3537,151.95276
AC3538,811.3333
AC3539,1232.1836
AC3540,392.5779
AC3541,498.27728
AC3542,329.0272
AC3543,1048.8811
AC3544,443.72437
AC3545,576.918
AC3546,254.61261
AC3547,601.2612
AC3548,88.74915
AC3549,1669.0815
AC3550,843.73926
AC3551,641.12177
AC3552,349.85834
AC3553,963.3156
AC3554,289.07147
AC3555,210.9277
AC3556,1024.9797
AC3557,628.7615
AC3558,1294.4788
AC3559,538.1458
AC3560,157.33005
AC3561,196.91922
AC3562,472.346
AC3563,1089.3546
AC3564,1501.516
AC3565,701.33075
AC3566,321.47153
AC3567,205.80261
AC3568,156.88864
AC3569,362.0367
AC3570,754.8907
AC3571,603.82196
AC3572,453.61505
AC3573,1303.5731
AC3574,678.61053
AC3575,180.7237
AC3576,556.0066
AC3577,1696.6122
AC3578,117.632576
AC3579,1473.7744
AC3580,141.0523
AC3581,109.488045
AC3582,245.18192
AC3583,706.7132
AC3584,194.98532
AC3585,127.98191
AC3586,434.11816
AC3587,-0.28411233
AC3588,236.91043
AC3589,180.88226
AC3590,336.9239
AC3591,356.53998
AC3592,287.52798
AC3593,82.01054
AC3594,146.65555
AC3595,384.0874
AC3596,829.29266
AC3597,93.190926
AC3598,196.75027
AC3599,1176.7482
AC3600,1283.7814
AC3601,987.3553
AC3602,750.4849
AC3603,1669.47
AC3604,289.06638
AC3605,786.05743
AC3606,1211.7042
AC3607,38.3733
AC3608,1041.2299
AC3609,495.90674
AC3610,208.6297
AC3611,749.5162
AC3612,121.68693
AC3613,1219.5481
AC3614,463.98105
AC3615,475.45486
AC3616,295.1344
AC3617,1313.7618
AC3618,127.40281
AC3619,258.17752
AC3620,228.5722
AC3621,834.3579
AC3622,287.87442
AC3623,300.9567
AC3624,704.1138
AC3625,247.30795
AC3626,97.29325
AC3627,683.8274
AC3628,79.36561
AC3629,63.600044
AC3630,577.3515
AC3631,58.75669
AC3632,168.09042
AC3633,302.15994
AC3634,1448.5348
AC3635,305.09082
AC3636,1169.7283
AC3637,359.7327
AC3638,1021.8459
AC3639,216.16461
AC3640,1091.7241
AC3641,533.9781
AC3642,123.85694
AC3643,561.8059
AC3644,712.57263
AC3645,1146.4403
AC3646,475.8966
AC3647,393.08063
AC3648,217.07501
AC3649,416.15005
AC3650,692.79895
AC3651,1360.8937
AC3652,387.98715
AC3653,610.0523
AC3654,1213.5742
AC3655,391.4061
AC3656,371.42426
AC3657,953.2579
AC3658,924.46344
AC3659,519.7706
AC3660,156.11734
AC3661,156.92523
AC3662,302.97055
AC3663,775.776
AC3664,421.73883
AC3665,860.3675
AC3666,155.84918
AC3667,628.1573
AC3668,1288.8406
AC3669,1193.2184
AC3670,443.27518
AC3671,101.09495
AC3672,344.59485
AC3673,884.9156
AC3674,868.26184
AC3675,578.5762
AC3676,1350.7079
AC3677,1050.7063
AC3678,1211.9218
AC3679,434.05048
AC3680,682.4753
AC3681,589.26324
AC3682,248.3602
AC3683,565.2666
AC3684,479.975
AC3685,161.5451
AC3686,288.43295
AC3687,796.1298
AC3688,219.3934
AC3689,795.4393
AC3690,643.94916
AC3691,522.5405
AC3692,208.77264
AC3693,178.15808
AC3694,235.51126
AC3695,220.66052
AC3696,130.14929
AC3697,349.1711
AC3698,149.12439
AC3699,150.37384
AC3700,1129.3029
AC3701,242.9137
AC3702,451.74277
AC3703,201.39563
AC3704,288.50204
AC3705,681.54614
AC3706,659.37354
AC3707,1524.9025
AC3708,1239.2388
AC3709,492.7285
AC3710,126.595345
AC3711,1143.9153
AC3712,328.6006
AC3713,952.1318
AC3714,1469.8027
AC3715,1349.004
AC3716,202.78265
AC3717,856.6769
AC3718,1370.0107
AC3719,1066.6665
AC3720,136.15225
AC3721,317.33035
AC3722,1525.692
AC3723,458.50024
AC3724,94.43879
AC3725,928.31934
AC3726,116.72578
AC3727,603.74066
AC3728,327.37036
AC3729,358.60468
AC3730,589.434
AC3731,958.053
AC3732,535.36487
AC3733,182.89587
AC3734,474.558
AC3735,345.61957
AC3736,533.5843
AC3737,514.0221
AC3738,364.368
AC3739,85.43925
AC3740,383.35428
AC3741,744.62634
AC3742,756.01337
AC3743,881.1662
AC3744,75.55308
AC3745,120.05012
AC3746,348.63757
AC3747,426.27362
AC3748,120.84162
AC3749,511.3417
AC3750,1461.9329
AC3751,61.459846
AC3752,99.84293
AC3753,354.04755
AC3754,665.81683
AC3755,79.30457
AC3756,349.56775
AC3757,595.0854
AC3758,568.89575
AC3759,555.33136
AC3760,206.71555
AC3761,466.54642
AC3762,285.5072
AC3763,930.781
AC3764,479.4428
AC3765,320.33908
AC3766,466.83157
AC3767,79.44453
AC3768,1075.6469
AC3769,1068.9508
AC3770,161.4487
AC3771,690.309
AC3772,461.92886
AC3773,94.93223
AC3774,241.26682
AC3775,30.341131
AC3776,307.29605
AC3777,111.59937
AC3778,901.93005
AC3779,1753.0493
AC3780,125.074135
AC3781,655.1583
AC3782,139.02142
AC3783,648.3972
AC3784,328.85068
AC3785,399.75952
AC3786,428.81024
AC3787,220.28757
AC3788,718.9332
AC3789,1461.8594
AC3790,887.105
AC3791,206.87582
AC3792,881.0292
AC3793,304.82797
AC3794,845.5948
AC3795,499.84863
AC3796,314.32574
AC3797,130.71558
AC3798,610.5648
AC3799,1020.8219
AC3800,105.577
AC3801,109.72761
AC3802,260.68222
AC3803,99.71015
AC3804,0.121649384
AC3805,23.59632
AC3806,725.8394
AC3807,185.63483
AC3808,1442.035
AC3809,198.909
AC3810,515.1949
AC3811,324.14838
AC3812,559.7115
AC3813,1058.3782
AC3814,736.42883
AC3815,196.64938
AC3816,799.4269
AC3817,318.7408
AC3818,1627.1765
AC3819,102.17506
AC3820,161.65656
AC3821,276.2545
AC3822,238.21716
AC3823,437.86896
AC3824,435.82742
AC3825,403.2245
AC3826,369.60278
AC3827,569.03864
AD1,155.32687
AD2,414.0078
AD3,85.48881
AD4,614.3184
AD5,120.82438
AD6,171.90088
AD7,385.64066
AD8,716.6324
AD9,651.62317
AD10,354.92453
AD11,153.67767
AD12,160.83899
AD13,974.8438
AD14,701.7034
AD15,1024.8649
AD16,633.37244
AD17,764.43256
AD18,585.7584
AD19,1536.5552
AD20,198.56567
AD21,788.5712
AD22,1312.3368
AD23,1640.464
AD24,301.2279
AD25,781.23206
AD26,545.7407
AD27,362.53656
AD28,267.0482
AD29,759.4056
AD30,1118.4103
AD31,283.64523
AD32,419.28473
AD33,497.79617
AD34,229.75137
AD35,648.65247
AD36,205.98825
AD37,34.72004
AD38,1592.2634
AD39,791.97174
AD40,455.35117
AD41,57.44953
AD42,193.91025
AD43,141.62115
AD44,823.808
AD45,1696.8469
AD46,534.39276
AD47,230.01895
AD48,165.30746
AD49,264.7383
AD50,571.8961
AD51,64.80341
AD52,91.40458
AD53,488.6279
AD54,137.92343
AD55,584.0727
AD56,1149.7545
AD57,1417.437
AD58,1149.6877
AD59,633.65594
AD60,610.5442
AD61,804.4717
AD62,1652.1124
AD63,693.20135
AD64,989.4472
AD65,188.41367
AD66,386.76627
AD67,143.04626
AD68,1105.6216
AD69,213.57
AD70,18.232733
AD71,540.8907
AD72,895.8553
AD73,348.25714
AD74,218.96729
AD75,783.55005
AD76,1377.85
AD77,272.42877
AD78,415.67496
AD79,1548.912
AD80,739.82263
AD81,1180.8813
AD82,598.3734
AD83,118.89463
AD84,500.2404
AD85,1061.2919
AD86,538.9135
AD87,533.8734
AD88,636.228
AD89,86.472206
AD90,784.6433
AD91,1373.6248
AD92,217.35516
AD93,576.18884
AD94,345.387
AD95,156.69315
AD96,666.2983
AD97,366.7964
AD98,1143.2731
AD99,53.996834
AD100,815.48224
AD101,214.51389
AD102,122.005806
AD103,166.22095
AD104,287.0796
AD105,993.19806
AD106,882.05066
AD107,1225.7793
AD108,1221.3234
AD109,159.52505
AD110,638.61694
AD111,511.8761
AD112,1235.9202
AD113,338.79425
AD114,236.2597
AD115,348.08246
AD116,618.73553
AD117,805.1693
AD118,143.1687
AD119,368.93124
AD120,108.130196
AD121,126.513435
AD122,585.8577
AD123,31.621588
AD124,560.8856
AD125,607.17163
AD126,431.34494
AD127,1303.6292
AD128,438.8716
AD129,684.53094
AD130,261.23206
AD131,797.6818
AD132,493.50208
AD133,753.4275
AD134,387.38464
AD135,1564.0862
AD136,843.4356
AD137,464.04053
AD138,841.2864
AD139,1499.8442
AD140,434.85132
AD141,100.88685
AD142,726.2292
AD143,151.06024
AD144,144.12158
AD145,197.62918
AD146,1159.1976
AD147,869.489
AD148,787.6716
AD149,1073.9093
AD150,654.76355
AD151,267.67474
AD152,1116.73
AD153,454.34436
AD154,443.40973
AD155,561.8577
AD156,157.17429
AD157,1333.8263
AD158,394.31793
AD159,749.807
AD160,1181.4854
AD161,661.62994
AD162,227.26971
AD163,524.3067
AD164,578.53516
AD165,601.5638
AD166,451.57434
AD167,467.8652
AD168,454.93912
AD169,832.0431
AD170,108.61341
AD171,716.786
AD172,227.46515
AD173,624.9092
AD174,672.88007
AD175,332.33148
AD176,323.05014
AD177,422.7153
AD178,1207.6482
AD179,887.3727
AD180,99.65046
AD181,1291.3005
AD182,248.96866
AD183,95.50941
AD184,1333.6096
AD185,466.90714
AD186,1288.9807
AD187,524.8315
AD188,101.50553
AD189,1171.0428
AD190,378.57727
AD191,113.336586
AD192,596.5818
AD193,28.749273
AD194,352.55298
AD195,594.6753
AD196,844.70844
AD197,1154.5651
AD198,210.2096
AD199,120.65516
AD200,349.49908
AD201,1197.9816
AD202,121.14915
AD203,555.5956
AD204,1102.225
AD205,193.26654
AD206,296.0375
AD207,1260.4205
AD208,705.5768
AD209,638.0472
AD210,1897.0563
AD211,398.92746
AD212,1160.3121
AD213,1318.6921
AD214,399.87827
AD215,591.1314
AD216,57.78901
AD217,1486.0107
AD218,880.0467
AD219,368.1372
AD220,410.72998
AD221,462.511
AD222,1306.2048
AD223,51.332954
AD224,850.3888
AD225,494.2577
AD226,1679.6276
AD227,454.57483
AD228,240.26419
AD229,397.18127
AD230,422.77942
AD231,518.03687
AD232,808.69086
AD233,577.43945
AD234,528.14856
AD235,304.03833
AD236,356.94476
AD237,427.4104
AD238,714.2581
AD239,838.7391
AD240,1579.631
AD241,653.38763
AD242,102.39753
AD243,889.6013
AD244,636.6766
AD245,301.6296
AD246,618.52606
AD247,1394.4773
AD248,719.79895
AD249,290.61176
AD250,820.5693
AD251,634.8732
AD252,1371.8771
AD253,170.15735
AD254,105.876656
AD255,681.3104
AD256,156.42139
AD257,1694.5822
AD258,558.8357
AD259,234.11069
AD260,698.68604
AD261,158.66757
AD262,50.64045
AD263,654.16925
AD264,341.1977
AD265,682.84973
AD266,291.05234
AD267,144.37979
AD268,1026.5704
AD269,787.8668
AD270,1548.8738
AD271,201.28012
AD272,495.72253
AD273,118.59519
AD274,248.21045
AD275,869.0207
AD276,197.63138
AD277,69.281624
AD278,770.46936
AD279,267.69803
AD280,799.82324
AD281,415.78802
AD282,1376.731
AD283,166.48178
AD284,90.68409
AD285,226.39957
AD286,109.61826
AD287,546.0643
AD288,278.9268
AD289,104.60767
AD290,1749.4193
AD291,172.4711
AD292,728.48254
AD293,757.9556
AD294,790.0933
AD295,259.83884
AD296,525.6017
AD297,48.29151
AD298,777.09235
AD299,823.3358
AD300,305.11267
AD301,166.16916
AD302,384.53827
AD303,550.7662
AD304,971.8649
AD305,591.16895
AD306,409.32605
AD307,186.18399
AD308,414.08603
AD309,199.97867
AD310,737.2146
AD311,709.844
AD312,1866.3616
AD313,1386.0166
AD314,170.56781
AD315,711.72986
AD316,524.3041
AD317,1222.1282
AD318,570.2489
AD319,337.37628
AD320,452.18283
AD321,1206.053
AD322,334.20667
AD323,59.223732
AD324,692.9447
AD325,1244.3883
AD326,465.6696
AD327,1276.1154
AD328,374.47778
AD329,1140.698
AD330,831.1155
AD331,471.19772
AD332,478.2469
AD333,397.9302
AD334,375.07742
AD335,287.7929
AD336,92.24665
AD337,522.7597
AD338,238.57846
AD339,1170.8593
AD340,496.923
AD341,413.9824
AD342,359.55338
AD343,94.12089
AD344,1406.5854
AD345,185.08246
AD346,504.76053
AD347,982.44104
AD348,185.5098
AD349,871.915
AD350,671.7136
AD351,855.17
AD352,504.77484
AD353,369.0822
AD354,378.0034
AD355,1575.758
AD356,426.47287
AD357,78.83213
AD358,502.93964
AD359,168.86423
AD360,750.91455
AD361,170.53485
AD362,187.37637
AD363,931.5102
AD364,661.72833
AD365,215.63956
AD366,184.27151
AD367,289.08057
AD368,172.94135
AD369,423.2171
AD370,600.21643
AD371,75.24384
AD372,1455.7279
AD373,1436.5592
AD374,238.91159
AD375,785.7063
AD376,701.11676
AD377,1814.2422
AD378,273.41373
AD379,1235.1193
AD380,121.312386
AD381,246.73901
AD382,269.3124
AD383,203.10565
AD384,164.1839
AD385,189.1796
AD386,764.65784
AD387,328.2313
AD388,912.98376
AD389,705.1452
AD390,594.89813
AD391,761.4264
AD392,904.03986
AD393,1387.64
AD394,149.57016
AD395,343.34808
AD396,179.24808
AD397,974.4778
AD398,433.11676
AD399,1305.1855
AD400,212.70593
AD401,829.64453
AD402,215.88828
AD403,703.1206
AD404,1322.5614
AD405,319.0552
AD406,279.2082
AD407,473.873
AD408,337.9003
AD409,53.777412
AD410,265.15854
AD411,1005.8831
AD412,216.96854
AD413,98.51569
AD414,378.6879
AD415,632.85077
AD416,218.65472
AD417,521.5673
AD418,344.71478
AD419,522.10333
AD420,179.44403
AD421,644.6721
AD422,46.667244
AD423,846.8419
AD424,366.50958
AD425,582.5665
AD426,316.16705
AD427,296.47784
AD428,1180.4375
AD429,299.91223
AD430,294.7214
AD431,524.7132
AD432,385.38562
AD433,1408.2673
AD434,445.2618
AD435,613.465
AD436,103.86454
AD437,246.71008
AD438,696.652
AD439,91.78083
AD440,96.50669
AD441,433.75214
AD442,375.19626
AD443,495.21558
AD444,295.5055
AD445,981.2513
AD446,282.3956
AD447,1130.2633
AD448,175.19067
AD449,821.35236
AD450,882.2289
AD451,1111.7468
AD452,626.0134
AD453,387.8014
AD454,490.30518
AD455,719.7472
AD456,255.93512
AD457,177.04062
AD458,66.05909
AD459,206.82373
AD460,1597.5076
AD461,1442.1207
AD462,584.29205
AD463,1547.5493
AD464,552.5688
AD465,54.31904
AD466,1324.2971
AD467,1088.5164
AD468,198.32129
AD469,345.7802
AD470,1481.466
AD471,415.48438
AD472,553.0995
AD473,199.59485
AD474,665.92346
AD475,950.0015
AD476,1716.0336
AD477,861.5925
AD478,204.6217
AD479,475.12808
AD480,191.737
AD481,572.34436
AD482,290.2753
AD483,572.6427
AD484,1354.6968
AD485,1375.3776
AD486,115.97001
AD487,363.48416
AD488,615.90125
AD489,958.27203
AD490,821.228
AD491,149.90555
AD492,94.54017
AD493,825.40546
AD494,578.5931
AD495,534.5921
AD496,1248.6396
AD497,1127.1024
AD498,294.5279
AD499,577.5902
AD500,553.45325
AD501,449.96405
AD502,309.5182
AD503,540.60333
AD504,577.3464
AD505,805.08154
AD506,1163.1974
AD507,206.61731
AD508,659.8558
AD509,695.304
AD510,160.16498
AD511,112.83799
AD512,516.24133
AD513,310.01755
AD514,97.33018
AD515,126.23255
AD516,356.39377
AD517,328.05008
AD518,851.04816
AD519,1002.04535
AD520,771.7347
AD521,1879.7561
AD522,652.12665
AD523,249.26938
AD524,786.1188
AD525,139.08752
AD526,305.86978
AD527,297.6498
AD528,110.485664
AD529,182.46774
AD530,1332.2
AD531,114.368385
AD532,188.55423
AD533,789.5916
AD534,726.1417
AD535,1196.2705
AD536,128.84448
AD537,161.62964
AD538,1063.3577
AD539,555.40405
AD540,139.60428
AD541,536.4981
AD542,565.3984
AD543,375.02457
AD544,178.42984
AD545,1572.8673
AD546,39.11799
AD547,389.13022
AD548,291.84445
AD549,946.98425
AD550,379.68964
AD551,740.8941
AD552,386.91196
AD553,131.77362
AD554,581.65985
AD555,356.8807
AD556,353.1416
AD557,386.97543
AD558,459.41278
AD559,1228.8438
AD560,246.44247
AD561,147.75961
AD562,1312.6011
AD563,331.65826
AD564,232.02231
AD565,433.98148
AD566,694.10583
AD567,1203.8649
AD568,467.7722
AD569,222.78235
AD570,904.7731
AD571,1100.3191
AD572,799.1227
AD573,620.5433
AD574,1087.5183
AD575,842.8174
AD576,22.41004
AD577,491.95627
AD578,1235.8634
AD579,852.1458
AD580,263.6967
AD581,179.85541
AD582,174.82684
AD583,1554.8394
AD584,687.92236
AD585,142.96451
AD586,346.10925
AD587,714.7082
AD588,193.62637
AD589,242.46786
AD590,669.31903
AD591,694.89
AD592,316.14948
AD593,849.53204
AD594,353.75204
AD595,926.59344
AD596,1037.0219
AD597,1711.41
AD598,1304.9572
AD599,437.0809
AD600,327.8207
AD601,198.04361
AD602,676.8999
AD603,243.40411
AD604,132.53433
AD605,633.42773
AD606,942.6972
AD607,176.55057
AD608,469.65692
AD609,653.2457
AD610,27.741766
AD611,549.82416
AD612,843.50476
AD613,534.3605
AD614,801.52155
AD615,255.37897
AD616,576.0728
AD617,562.38904
AD618,132.66287
AD619,391.088
AD620,841.1039
AD621,756.81274
AD622,88.95115
AD623,960.4808
AD624,918.2209
AD625,465.56757
AD626,417.385
AD627,699.42645
AD628,249.06473
AD629,608.16626
AD630,419.64587
AD631,497.69437
AD632,172.75357
AD633,106.65797
AD634,81.215126
AD635,189.87674
AD636,414.50027
AD637,214.18365
AD638,476.7443
AD639,479.8129
AD640,203.59824
AD641,689.94135
AD642,613.54535
AD643,565.2637
AD644,119.24738
AD645,693.406
AD646,849.2284
AD647,181.63129
AD648,580.1731
AD649,243.55887
AD650,426.22745
AD651,1137.4825
AD652,637.80286
AD653,393.81378
AD654,522.2702
AD655,317.74677
AD656,778.6411
AD657,842.63367
AD658,233.07062
AD659,1386.3628
AD660,268.7219
AD661,1352.2843
AD662,291.1479
AD663,144.98483
AD664,333.62827
AD665,199.74655
AD666,447.73303
AD667,191.7782
AD668,336.0341
AD669,324.18774
AD670,1454.5846
AD671,602.1583
AD672,616.38074
AD673,985.98126
AD674,476.61676
AD675,286.53168
AD676,1063.2537
AD677,445.4227
AD678,631.18945
AD679,100.96644
AD680,950.6373
AD681,1756.5127
AD682,678.2501
AD683,895.7388
AD684,370.14886
AD685,1700.501
AD686,1270.9652
AD687,415.63504
AD688,1711.8156
AD689,400.11462
AD690,431.41476
AD691,1023.9688
AD692,356.63455
AD693,71.12449
AD694,59.419044
AD695,722.1545
AD696,861.1664
AD697,320.67334
AD698,855.0614
AD699,437.39368
AD700,130.82034
AD701,948.85767
AD702,1000.2292
AD703,542.6345
AD704,415.64203
AD705,190.44174
AD706,189.03897
AD707,827.3043
AD708,707.6671
AD709,463.09592
AD710,114.621346
AD711,484.1767
AD712,520.79126
AD713,184.53079
AD714,14.779059
AD715,228.16437
AD716,527.8723
AD717,217.33206
AD718,510.3267
AD719,1070.0287
AD720,97.28065
AD721,295.93076
AD722,727.2548
AD723,213.74521
AD724,552.8579
AD725,475.20007
AD726,534.7679
AD727,1384.5062
AD728,898.0732
AD729,811.6624
AD730,985.207
AD731,428.35364
AD732,223.59592
AD733,579.34296
AD734,421.68292
AD735,324.72925
AD736,615.2836
AD737,1268.4849
AD738,389.33557
AD739,799.81696
AD740,483.00406
AD741,168.90314
AD742,889.05
AD743,510.6508
AD744,1371.8087
AD745,106.31626
AD746,116.80424
AD747,1257.8059
AD748,928.1688
AD749,596.8499
AD750,323.13174
AD751,1163.7823
AD752,190.75558
AD753,81.39509
AD754,818.2605
AD755,411.14734
AD756,391.3371
AD757,814.7034
AD758,770.5587
AD759,705.2782
AD760,112.83683
AD761,1161.7828
AD762,647.9713
AD763,535.5861
AD764,198.5325
AD765,93.068855
AD766,435.94305
AD767,314.84042
AD768,178.69995
AD769,53.516914
AD770,198.3298
AD771,76.04978
AD772,278.26324
AD773,279.73032
AD774,457.57916
AD775,225.21225
AD776,933.92487
AD777,601.5256
AD778,551.28723
AD779,695.8372
AD780,806.3428
AD781,468.76993
AD782,552.44794
AD783,515.2723
AD784,523.87695
AD785,91.65354
AD786,359.93854
AD787,352.5002
AD788,290.3178
AD789,874.6344
AD790,228.8117
AD791,1037.187
AD792,1087.1866
AD793,1800.7
AD794,456.38766
AD795,1115.2728
AD796,725.25757
AD797,1256.6917
AD798,181.92801
AD799,235.13913
AD800,1432.8605
AD801,1319.5886
AD802,293.88586
AD803,724.02985
AD804,164.91928
AD805,911.7913
AD806,174.46262
AD807,1135.8369
AD808,322.99152
AD809,381.81363
AD810,347.56207
AD811,205.45023
AD812,819.98553
AD813,501.30328
AD814,1216.9591
AD815,270.8471
AD816,1294.6995
AD817,61.35505
AD818,520.94116
AD819,51.91358
AD820,1117.0391
AD821,401.335
AD822,899.3352
AD823,847.98846
AD824,1010.6154
AD825,310.42667
AD826,328.30515
AD827,593.4989
AD828,332.1553
AD829,559.4101
AD830,232.59454
AD831,67.54035
AD832,146.47751
AD833,341.75247
AD834,228.91483
AD835,712.663
AD836,193.2709
AD837,682.3565
AD838,659.68427
AD839,1616.3774
AD840,379.91647
AD841,406.89975
AD842,265.51685
AD843,687.23224
AD844,948.9829
AD845,578.0659
AD846,548.3922
AD847,501.31143
AD848,340.987
AD849,1088.9551
AD850,188.22623
AD851,829.3848
AD852,169.16425
AD853,510.6548
AD854,982.51306
AD855,212.2797
AD856,1273.298
AD857,333.0963
AD858,220.75803
AD859,812.4907
AD860,1676.0387
AD861,334.1232
AD862,491.1952
AD863,1321.6711
AD864,110.22663
AD865,626.3196
AD866,929.8954
AD867,191.86041
AD868,215.36472
AD869,807.7737
AD870,1335.7144
AD871,529.3026
AD872,444.7339
AD873,156.85983
AD874,576.8078
AD875,167.57202
AD876,116.544014
AD877,1447.7279
AD878,368.6728
AD879,443.44046
AD880,779.06995
AD881,188.4851
AD882,523.23816
AD883,1662.9197
AD884,413.63907
AD885,972.40356
AD886,281.56503
AD887,601.3622
AD888,539.04956
AD889,491.70047
AD890,431.19864
AD891,295.6738
AD892,671.9535
AD893,633.2629
AD894,617.2633
AD895,1154.7859
AD896,589.33575
AD897,830.1881
AD898,219.93134
AD899,1031.3843
AD900,453.63867
AD901,179.42041
AD902,444.04608
AD903,430.34677
AD904,159.87393
AD905,1343.1036
AD906,1061.762
AD907,792.4115
AD908,1486.4071
AD909,237.10184
AD910,377.58374
AD911,528.5906
AD912,465.62848
AD913,1375.7292
AD914,931.46106
AD915,683.3211
AD916,93.47993
AD917,336.99063
AD918,226.21439
AD919,600.7744
AD920,345.11243
AD921,78.03602
AD922,883.4809
AD923,1183.9373
AD924,915.7761
AD925,31.876165
AD926,639.62506
AD927,469.75595
AD928,100.3328
AD929,397.0802
AD930,859.2556
AD931,497.8572
AD932,894.051
AD933,1129.3665
AD934,190.6434
AD935,1216.4435
AD936,1407.4373
AD937,260.78067
AD938,139.3646
AD939,504.75116
AD940,641.74756
AD941,1027.23
AD942,183.78845
AD943,588.7595
AD944,202.71448
AD945,258.31247
AD946,207.43
AD947,1318.5995
AD948,418.3486
AD949,353.32523
AD950,0.93250144
AD951,166.79309
AD952,326.00693
AD953,650.0636
AD954,90.941536
AD955,228.45392
AD956,560.0939
AD957,1381.282
AD958,293.85672
AD959,234.20337
AD960,1471.9133
AD961,808.15125
AD962,463.13495
AD963,625.03754
AD964,483.60403
AD965,645.9426
AD966,604.0852
AD967,1276.4431
AD968,400.14978
AD969,509.9908
AD970,274.7691
AD971,324.11752
AD972,213.13223
AD973,1147.1886
AD974,376.1617
AD975,167.92401
AD976,246.84341
AD977,225.27469
AD978,319.51715
AD979,169.87946
AD980,119.16511
AD981,563.09064
AD982,461.21893
AD983,302.60507
AD984,459.73965
AD985,270.82056
AD986,521.35297
AD987,185.80286
AD988,38.021614
AD989,373.18924
AD990,410.89752
AD991,1164.7867
AD992,14.153083
AD993,224.72897
AD994,403.19702
AD995,160.32489
AD996,916.67316
AD997,33.67701
AD998,926.16046
AD999,1232.804
AD1000,121.538124
AD1001,200.76852
AD1002,143.04507
AD1003,496.95013
AD1004,230.16989
AD1005,279.0839
AD1006,351.97116
AD1007,492.88715
AD1008,322.04938
AD1009,300.2332
AD1010,1188.0798
AD1011,1491.1036
AD1012,263.8738
AD1013,203.54245
AD1014,534.1218
AD1015,603.5273
AD1016,978.5148
AD1017,1017.88135
AD1018,184.02316
AD1019,491.32794
AD1020,456.6701
AD1021,1737.3762
AD1022,462.21988
AD1023,1037.4785
AD1024,1097.3322
AD1025,955.0397
AD1026,804.2858
AD1027,355.5066
AD1028,25.94068
AD1029,985.70685
AD1030,930.5308
AD1031,266.136
AD1032,895.931
AD1033,1363.1914
AD1034,726.25525
AD1035,185.51343
AD1036,1288.7186
AD1037,333.7686
AD1038,1624.2076
AD1039,543.8212
AD1040,401.803
AD1041,462.72784
AD1042,1116.3589
AD1043,1292.7954
AD1044,313.00034
AD1045,959.8912
AD1046,757.54956
AD1047,758.60046
AD1048,253.45233
AD1049,1444.307
AD1050,44.255074
AD1051,329.4213
AD1052,222.61017
AD1053,185.73761
AD1054,1050.405
AD1055,506.0705
AD1056,1110.3657
AD1057,1303.1438
AD1058,1166.3235
AD1059,529.5524
AD1060,1733.5237
AD1061,316.28116
AD1062,1198.1685
AD1063,537.2249
AD1064,460.606
AD1065,741.89685
AD1066,1532.869
AD1067,1044.9977
AD1068,107.02552
AD1069,472.0548
AD1070,878.2909
AD1071,641.2894
AD1072,1145.3018
AD1073,984.1308
AD1074,418.65027
AD1075,669.4395
AD1076,637.7694
AD1077,849.3466
AD1078,1123.3746
AD1079,1285.9932
AD1080,172.96216
AD1081,479.8745
AD1082,1284.4281
AD1083,389.7201
AD1084,885.40765
AD1085,422.0209
AD1086,531.2778
AD1087,93.00297
AD1088,718.0946
AD1089,136.28351
AD1090,1225.7902
AD1091,994.4418
AD1092,170.51297
AD1093,1653.4249
AD1094,487.7406
AD1095,134.90384
AD1096,237.84341
AD1097,264.43268
AD1098,190.1572
AD1099,557.42804
AD1100,576.4074
AD1101,591.30334
AD1102,561.1431
AD1103,575.49646
AD1104,573.29504
AD1105,722.8842
AD1106,779.10724
AD1107,590.8603
AD1108,275.8433
AD1109,545.41895
AD1110,566.3718
AD1111,535.7798
AD1112,581.9103
AD1113,801.61194
AD1114,585.6065
AD1115,645.1524
AD1116,580.4834
AD1117,298.5291
AD1118,590.61084
AD1119,541.73505
AD1120,593.92365
AD1121,553.3912
AD1122,588.89246
AD1123,294.39703
AD1124,274.18506
AD1125,300.2182
AD1126,542.8119
AD1127,437.802
AD1128,547.9996
AD1129,561.67334
AD1130,430.4225
AD1131,550.1854
AD1132,563.58356
AD1133,512.6971
AD1134,587.8909
AD1135,361.98944
AD1136,605.6749
AD1137,547.138
AD1138,283.4128
AD1139,264.59003
AD1140,718.82434
AD1141,295.11694
AD1142,574.9439
AD1143,577.8039
AD1144,558.8698
AD1145,578.48596
AD1146,593.52893
AD1147,583.03015
AD1148,530.78687
AD1149,596.5286
AD1150,567.3265
AD1151,574.6789
AD1152,771.4944
AD1153,573.9797
AD1154,555.2833
AD1155,566.0255
AD1156,1108.3542
AD1157,460.0097
AD1158,422.34576
AD1159,836.08
AD1160,658.9695
AD1161,523.9899
AD1162,573.7602
AD1163,416.61902
AD1164,592.64844
AD1165,576.31836
AD1166,1314.0673
AD1167,560.2978
AD1168,258.8658
AD1169,602.3848
AD1170,1138.5961
AD1171,637.9053
AD1172,583.1886
AD1173,290.144
AD1174,394.54236
AD1175,566.9483
AD1176,553.3071
AD1177,556.0929
AD1178,574.0873
AD1179,652.1779
AD1180,576.76636
AD1181,908.15717
AD1182,275.93494
AD1183,619.26025
AD1184,559.37085
AD1185,564.9497
AD1186,528.34875
AD1187,620.3978
AD1188,591.3216
AD1189,603.167
AD1190,358.71567
AD1191,550.6123
AD1192,530.8452
AD1193,599.7965
AD1194,500.85858
AD1195,662.19104
AD1196,290.98694
AD1197,867.25085
AD1198,531.8309
AD1199,554.46185
AD1200,576.7717
AD1201,718.46924
AD1202,549.2811
AD1203,574.6125
AD1204,562.8356
AD1205,550.53467
AD1206,549.7194
AD1207,617.3371
AD1208,405.51816
AD1209,562.2864
AD1210,582.9425
AD1211,586.0457
AD1212,558.6445
AD1213,574.67
AD1214,590.70557
AD1215,551.6813
AD1216,584.06836
AD1217,593.8276
AD1218,570.8868
AD1219,544.5981
AD1220,576.54047
AD1221,443.30713
AD1222,588.0673
AD1223,1349.9467
AD1224,553.8426
AD1225,578.1008
AD1226,602.2913
AD1227,560.97235
AD1228,585.94696
AD1229,585.57697
AD1230,595.4805
AD1231,586.06244
AD1232,582.682
AD1233,602.1999
AD1234,592.4402
AD1235,370.51627
AD1236,573.30225
AD1237,579.32623
AD1238,556.814
AD1239,667.04865
AD1240,307.6532
AD1241,567.6369
AD1242,242.68298
AD1243,557.6489
AD1244,573.3675
AD1245,664.6612
AD1246,473.24002
AD1247,556.5966
AD1248,310.5451
AD1249,572.2195
AD1250,588.2882
AD1251,561.93585
AD1252,68.83848
AD1253,896.855
AD1254,563.67377
AD1255,1196.958
AD1256,504.1341
AD1257,769.52625
AD1258,568.13745
AD1259,562.6357
AD1260,588.19244
AD1261,565.6765
AD1262,579.5825
AD1263,540.7185
AD1264,557.5038
AD1265,562.89374
AD1266,548.6935
AD1267,575.79065
AD1268,579.3877
AD1269,209.37363
AD1270,570.3295
AD1271,543.052
AD1272,574.33185
AD1273,451.9056
AD1274,566.4765
AD1275,581.7047
AD1276,952.86194
AD1277,552.1978
AD1278,566.2214
AD1279,569.5341
AD1280,422.57562
AD1281,598.85876
AD1282,566.93396
AD1283,637.11847
AD1284,560.66223
AD1285,497.36728
AD1286,597.2663
AD1287,594.20154
AD1288,566.04504
AD1289,896.70624
AD1290,589.20703
AD1291,431.45486
AD1292,286.51654
AD1293,570.9228
AD1294,578.91254
AD1295,389.6743
AD1296,146.9147
AD1297,581.2966
AD1298,596.9371
AD1299,550.5261
AD1300,574.23364
AD1301,560.2454
AD1302,715.18665
AD1303,559.5813
AD1304,566.419
AD1305,732.6503
AD1306,551.02795
AD1307,598.38525
AD1308,583.7833
AD1309,567.7953
AD1310,555.21063
AD1311,544.43713
AD1312,568.8867
AD1313,471.97464
AD1314,525.697
AD1315,1060.7284
AD1316,572.82874
AD1317,562.5857
AD1318,569.1116
AD1319,586.0448
AD1320,585.1181
AD1321,464.01016
AD1322,1100.1251
AD1323,589.4794
AD1324,666.35486
AD1325,554.39075
AD1326,554.20184
AD1327,386.9701
AD1328,568.78485
AD1329,876.74615
AD1330,653.13983
AD1331,581.1913
AD1332,671.6703
AD1333,553.63245
AD1334,857.7894
AD1335,574.92957
AD1336,157.20676
AD1337,86.03123
AD1338,131.19562
AD1339,400.7636
AD1340,447.60162
AD1341,617.7289
AD1342,418.63434
AD1343,546.38446
AD1344,288.27847
AD1345,1280.8457
AD1346,1501.5773
AD1347,884.89
AD1348,225.7945
AD1349,497.36728
AD1350,660.2607
AD1351,255.12909
AD1352,438.45648
AD1353,416.45306
AD1354,37.533638
AD1355,511.41724
AD1356,148.68472
AD1357,126.052864
AD1358,52.23652
AD1359,559.59766
AD1360,185.99191
AD1361,257.1473
AD1362,448.82007
AD1363,434.5964
AD1364,226.94168
AD1365,680.836
AD1366,315.82108
AD1367,575.1231
AD1368,1025.5238
AD1369,358.6308
AD1370,954.0272
AD1371,402.91302
AD1372,154.02396
AD1373,693.0583
AD1374,140.21594
AD1375,1050.6335
AD1376,467.26144
AD1377,1186.5576
AD1378,1183.1296
AD1379,416.7744
AD1380,167.49185
AD1381,481.25668
AD1382,156.55594
AD1383,311.80844
AD1384,1196.1152
AD1385,104.78791
AD1386,1856.2554
AD1387,381.6124
AD1388,347.8632
AD1389,629.9012
AD1390,566.1849
AD1391,789.7438
AD1392,516.7909
AD1393,928.84064
AD1394,407.1086
AD1395,1480.8699
AD1396,281.6154
AD1397,245.23822
AD1398,108.21815
AD1399,893.3221
AD1400,1558.2228
AD1401,1093.3542
AD1402,377.7687
AD1403,865.4751
AD1404,153.4227
AD1405,1336.868
AD1406,282.34396
AD1407,162.87515
AD1408,675.17847
AD1409,1495.2661
AD1410,359.04202
AD1411,167.47592
AD1412,775.8775
AD1413,145.61673
AD1414,138.19745
AD1415,179.84442
AD1416,940.59467
AD1417,360.79007
AD1418,1446.0181
AD1419,183.53113
AD1420,349.7011
AD1421,185.9534
AD1422,394.12262
AD1423,902.8611
AD1424,139.8551
AD1425,861.19464
AD1426,688.5363
AD1427,392.2171
AD1428,97.46027
AD1429,1352.8003
AD1430,1390.3242
AD1431,1113.1798
AD1432,316.04993
AD1433,1693.228
AD1434,159.8429
AD1435,1041.3623
AD1436,373.69345
AD1437,330.9323
AD1438,367.52863
AD1439,318.92535
AD1440,61.288795
AD1441,550.3855
AD1442,652.881
AD1443,581.8857
AD1444,222.9024
AD1445,1912.154
AD1446,390.81622
AD1447,1454.4833
AD1448,325.23227
AD1449,190.97034
AD1450,85.486336
AD1451,236.5022
AD1452,426.5889
AD1453,185.03091
AD1454,1630.0927
AD1455,669.0887
AD1456,209.25543
AD1457,328.771
AD1458,383.0926
AD1459,206.25427
AD1460,324.2164
AD1461,1572.4293
AD1462,374.42505
AD1463,183.21301
AD1464,905.4294
AD1465,102.89994
AD1466,98.87595
AD1467,134.98529
AD1468,71.54972
AD1469,583.20435
AD1470,576.5248
AD1471,333.5997
AD1472,464.57843
AD1473,21.912725
AD1474,828.0127
AD1475,543.0823
AD1476,1171.2701
AD1477,1026.3894
AD1478,389.6484
AD1479,388.59363
AD1480,1079.3098
AD1481,331.53705
AD1482,174.27649
AD1483,253.52176
AD1484,474.26175
AD1485,159.24048
AD1486,122.14405
AD1487,566.8516
AD1488,688.403
AD1489,76.79514
AD1490,420.84995
AD1491,333.94485
AD1492,865.526
AD1493,1162.6295
AD1494,565.34717
AD1495,160.19089
AD1496,1413.578
AD1497,415.9691
AD1498,114.00953
AD1499,535.36
AD1500,607.4744
AD1501,126.56629
AD1502,1460.6952
AD1503,264.06964
AD1504,763.84143
AD1505,582.3078
AD1506,627.79254
AD1507,617.7049
AD1508,646.32623
AD1509,206.8281
AD1510,996.77765
AD1511,520.5837
AD1512,447.7849
AD1513,421.0162
AD1514,1036.5078
AD1515,578.3807
AD1516,745.8327
AD1517,1754.8333
AD1518,118.31876
AD1519,523.1034
AD1520,370.0555
AD1521,127.380226
AD1522,134.55017
AD1523,900.48615
AD1524,556.102
AD1525,333.84738
AD1526,237.62357
AD1527,541.90106
AD1528,850.08746
AD1529,1806.3888
AD1530,340.39435
AD1531,323.4175
AD1532,1272.6958
AD1533,441.29312
AD1534,514.2206
AD1535,567.76056
AD1536,446.943
AD1537,1231.112
AD1538,58.18174
AD1539,445.1483
AD1540,1360.0977
AD1541,822.5601
AD1542,221.7591
AD1543,283.52505
AD1544,83.53602
AD1545,586.4191
AD1546,1000.2039
AD1547,266.04095
AD1548,79.33625
AD1549,692.0452
AD1550,647.1227
AD1551,169.80603
AD1552,157.2467
AD1553,561.06384
AD1554,333.29214
AD1555,644.12146
AD1556,110.60136
AD1557,420.47855
AD1558,962.7723
AD1559,164.83545
AD1560,491.179
AD1561,829.69617
AD1562,1596.9026
AD1563,409.11896
AD1564,655.83044
AD1565,859.93066
AD1566,152.61777
AD1567,198.228
AD1568,1170.6099
AD1569,30.77094
AD1570,1317.2441
AD1571,780.4998
AD1572,961.4505
AD1573,1314.1201
AD1574,212.5075
AD1575,671.1941
AD1576,151.56122
AD1577,116.73466
AD1578,846.7183
AD1579,87.45359
AD1580,210.91177
AD1581,493.93594
AD1582,251.96085
AD1583,1628.4479
AD1584,368.69135
AD1585,125.884346
AD1586,207.11292
AD1587,693.42633
AD1588,235.60037
AD1589,316.78766
AD1590,220.16241
AD1591,285.91815
AD1592,1056.3292
AD1593,251.89377
AD1594,320.11606
AD1595,173.14182
AD1596,399.36212
AD1597,114.85905
AD1598,427.1191
AD1599,394.9646
AD1600,156.16827
AD1601,86.87183
AD1602,225.36163
AD1603,265.23398
AD1604,111.42039
AD1605,307.8321
AD1606,1748.5182
AD1607,491.1163
AD1608,212.90433
AD1609,1261.0347
AD1610,285.56308
AD1611,100.09452
AD1612,328.3293
AD1613,876.32306
AD1614,1817.1283
AD1615,1193.0936
AD1616,255.67087
AD1617,268.7798
AD1618,429.98975
AD1619,759.9262
AD1620,152.38223
AD1621,181.09793
AD1622,347.42383
AD1623,312.43765
AD1624,611.4786
AD1625,1213.02
AD1626,218.93741
AD1627,652.5961
AD1628,371.73782
AD1629,402.2482
AD1630,221.51761
AD1631,494.70764
AD1632,215.474
AD1633,1726.5739
AD1634,239.41736
AD1635,1111.9614
AD1636,235.68732
AD1637,1192.1877
AD1638,129.78333
AD1639,309.5162
AD1640,344.57474
AD1641,388.2986
AD1642,276.60776
AD1643,796.2514
AD1644,452.79663
AD1645,533.9261
AD1646,327.78287
AD1647,348.59955
AD1648,993.46826
AD1649,1309.572
AD1650,242.139
AD1651,357.84274
AD1652,670.75024
AD1653,1103.6737
AD1654,32.52076
AD1655,275.21573
AD1656,65.867226
AD1657,445.04248
AD1658,156.1384
AD1659,1106.1333
AD1660,925.5949
AD1661,1658.3406
AD1662,432.29196
AD1663,304.82968
AD1664,168.17175
AD1665,276.51926
AD1666,179.42065
AD1667,270.94754
AD1668,75.20347
AD1669,87.8321
AD1670,865.0672
AD1671,1041.4458
AD1672,271.33755
AD1673,194.3292
AD1674,1012.14557
AD1675,226.09174
AD1676,225.60406
AD1677,1377.1542
AD1678,516.3717
AD1679,296.76382
AD1680,1245.0874
AD1681,155.37952
AD1682,962.1376
AD1683,1261.0763
AD1684,536.7863
AD1685,126.62122
AD1686,757.1607
AD1687,128.21521
AD1688,794.71716
AD1689,563.5212
AD1690,1188.2936
AD1691,1553.2272
AD1692,805.15576
AD1693,341.3224
AD1694,176.46686
AD1695,210.43332
AD1696,233.99652
AD1697,789.461
AD1698,294.8309
AD1699,125.05265
AD1700,1543.0627
AD1701,181.45883
AD1702,219.68839
AD1703,412.58643
AD1704,366.03473
AD1705,678.4964
AD1706,80.98322
AD1707,807.7845
AD1708,1137.0062
AD1709,568.97003
AD1710,259.9947
AD1711,549.46606
AD1712,251.76617
AD1713,151.23795
AD1714,459.47675
AD1715,492.65805
AD1716,257.89206
AD1717,493.8921
AD1718,179.81094
AD1719,26.447515
AD1720,1088.2028
AD1721,957.6892
AD1722,597.1338
AD1723,330.25577
AD1724,294.4136
AD1725,180.4862
AD1726,63.876045
AD1727,737.5529
AD1728,1146.1079
AD1729,150.39493
AD1730,1465.6827
AD1731,249.40637
AD1732,402.46164
AD1733,502.6287
AD1734,302.16687
AD1735,427.64505
AD1736,942.00684
AD1737,366.13855
AD1738,917.8031
AD1739,10.512397
AD1740,177.93643
AD1741,104.14402
AD1742,190.70126
AD1743,475.44205
AD1744,1588.9106
AD1745,1260.8323
AD1746,815.5608
AD1747,628.69305
AD1748,1442.1833
AD1749,1239.1365
AD1750,1049.3995
AD1751,333.43884
AD1752,1011.9193
AD1753,1686.0778
AD1754,128.30838
AD1755,97.299355
AD1756,56.90052
AD1757,1367.2357
AD1758,1241.6461
AD1759,147.44809
AD1760,232.24173
AD1761,671.8297
AD1762,239.43665
AD1763,249.83456
AD1764,294.8126
AD1765,621.6864
AD1766,228.21591
AD1767,1214.0975
AD1768,877.5671
AD1769,345.63037
AD1770,490.92108
AD1771,593.2703
AD1772,478.75116
AD1773,383.24976
AD1774,38.474007
AD1775,1581.7766
AD1776,1580.8085
AD1777,634.2658
AD1778,309.7464
AD1779,317.57434
AD1780,1302.3231
AD1781,863.40375
AD1782,1099.3593
AD1783,187.55151
AD1784,282.83594
AD1785,925.1747
AD1786,40.331734
AD1787,584.8506
AD1788,118.51243
AD1789,155.07343
AD1790,323.07605
AD1791,1465.7876
AD1792,1208.0112
AD1793,375.11526
AD1794,64.98319
AD1795,815.9634
AD1796,196.25534
AD1797,903.7634
AD1798,87.83491
AD1799,551.6752
AD1800,77.387856
AD1801,570.30646
AD1802,1339.4568
AD1803,94.3382
AD1804,131.48083
AD1805,1390.8406
AD1806,763.4165
AD1807,218.51093
AD1808,677.41595
AD1809,141.44168
AD1810,267.91113
AD1811,841.4429
AD1812,550.3678
AD1813,502.3085
AD1814,1036.4788
AD1815,161.10849
AD1816,241.85892
AD1817,907.4168
AD1818,330.27124
AD1819,540.19025
AD1820,30.665838
AD1821,470.46475
AD1822,166.87576
AD1823,1059.9288
AD1824,1747.2665
AD1825,1654.2081
AD1826,766.69025
AD1827,977.5386
AD1828,405.09677
AD1829,996.523
AD1830,198.1319
AD1831,301.21292
AD1832,100.96375
AD1833,941.378
AD1834,914.87054
AD1835,966.22217
AD1836,212.12842
AD1837,547.681
AD1838,420.09537
AD1839,1122.8408
AD1840,407.82166
AD1841,502.86774
AD1842,359.92984
AD1843,63.543495
AD1844,520.18695
AD1845,525.1209
AD1846,547.5497
AD1847,1733.54
AD1848,1498.3081
AD1849,333.27304
AD1850,130.28775
AD1851,85.86167
AD1852,28.013983
AD1853,721.57935
AD1854,202.46255
AD1855,228.50424
AD1856,141.12689
AD1857,263.4241
AD1858,1041.9722
AD1859,762.0414
AD1860,398.20477
AD1861,1130.1995
AD1862,674.7415
AD1863,405.02567
AD1864,1146.4893
AD1865,1079.4478
AD1866,1062.3734
AD1867,779.01074
AD1868,730.8369
AD1869,172.74927
AD1870,571.5859
AD1871,629.87897
AD1872,314.82797
AD1873,411.13528
AD1874,182.55508
AD1875,722.4813
AD1876,214.46234
AD1877,364.53275
AD1878,389.59268
AD1879,200.5476
AD1880,322.96243
AD1881,302.23627
AD1882,501.3176
AD1883,148.10147
AD1884,586.60876
AD1885,83.15922
AD1886,749.1067
AD1887,1474.114
AD1888,184.21335
AD1889,86.84153
AD1890,114.87324
AD1891,1273.3998
AD1892,234.67331
AD1893,631.17084
AD1894,172.53546
AD1895,454.27448
AD1896,982.0481
AD1897,110.69929
AD1898,228.92365
AD1899,310.32346
AD1900,712.5051
AD1901,202.2821
AD1902,1440.045
AD1903,71.506386
AD1904,573.0635
AD1905,1196.21
AD1906,1128.4862
AD1907,988.4241
AD1908,760.5186
AD1909,154.66467
AD1910,1532.1902
AD1911,329.68167
AD1912,253.702
AD1913,126.37278
AD1914,96.42814
AD1915,357.60858
AD1916,607.3139
AD1917,1752.5491
AD1918,1168.8359
AD1919,155.67065
AD1920,50.065132
AD1921,646.4553
AD1922,528.2136
AD1923,925.05115
AD1924,146.5463
AD1925,508.0612
AD1926,236.27557
AD1927,148.40213
AD1928,512.4281
AD1929,873.5943
AD1930,91.40543
AD1931,250.59506
AD1932,667.50635
AD1933,235.44022
AD1934,935.34424
AD1935,747.0815
AD1936,393.81293
AD1937,496.71356
AD1938,792.3341
AD1939,109.697334
AD1940,1180.506
AD1941,306.17105
AD1942,87.79258
AD1943,1521.8293
AD1944,398.7781
AD1945,160.71304
AD1946,841.0546
AD1947,348.81723
AD1948,528.43677
AD1949,7.2449403
AD1950,1171.4728
AD1951,800.5865
AD1952,413.5066
AD1953,408.53094
AD1954,1213.6622
AD1955,343.80646
AD1956,1331.9276
AD1957,169.1268
AD1958,54.97547
AD1959,278.20346
AD1960,429.06287
AD1961,1188.476
AD1962,9.570502
AD1963,309.66638
AD1964,205.65613
AD1965,745.91
AD1966,1079.3152
AD1967,702.06305
AD1968,121.90049
AD1969,187.43982
AD1970,1074.2534
AD1971,93.17188
AD1972,42.277534
AD1973,160.16385
AD1974,282.05185
AD1975,144.35199
AD1976,452.09015
AD1977,1091.013
AD1978,148.06555
AD1979,383.62888
AD1980,248.07639
AD1981,422.88223
AD1982,539.57556
AD1983,572.27576
AD1984,623.28467
AD1985,768.30286
AD1986,132.62622
AD1987,843.7366
AD1988,1066.7516
AD1989,1236.0261
AD1990,649.3293
AD1991,692.4355
AD1992,663.23486
AD1993,575.09656
AD1994,363.03308
AD1995,197.41791
AD1996,331.12698
AD1997,30.583319
AD1998,1304.7493
AD1999,489.2567
AD2000,85.990364
AD2001,561.4757
AD2002,253.8898
AD2003,378.7795
AD2004,212.86206
AD2005,621.7169
AD2006,110.02436
AD2007,766.895
AD2008,245.30252
AD2009,475.78864
AD2010,522.544
AD2011,1039.4137
AD2012,1147.3848
AD2013,776.6654
AD2014,1342.0831
AD2015,149.1438
AD2016,-1.8015684
AD2017,242.3454
AD2018,1692.9258
AD2019,247.96512
AD2020,407.20514
AD2021,550.34674
AD2022,749.9265
AD2023,1137.7046
AD2024,512.63434
AD2025,599.30194
AD2026,972.0589
AD2027,186.1831
AD2028,136.03143
AD2029,344.64008
AD2030,129.26135
AD2031,438.1173
AD2032,628.99713
AD2033,741.26666
AD2034,726.957
AD2035,607.5653
AD2036,1428.9305
AD2037,44.685005
AD2038,597.1259
AD2039,525.90784
AD2040,112.892006
AD2041,420.94345
AD2042,539.1444
AD2043,497.70883
AD2044,108.24134
AD2045,136.94635
AD2046,207.48792
AD2047,209.94748
AD2048,511.80862
AD2049,355.48755
AD2050,1199.5027
AD2051,364.68207
AD2052,247.6203
AD2053,199.89868
AD2054,430.869
AD2055,573.14984
AD2056,340.70108
AD2057,1165.6019
AD2058,280.48935
AD2059,472.38385
AD2060,114.03626
AD2061,685.3135
AD2062,309.64203
AD2063,963.6083
AD2064,938.31506
AD2065,670.993
AD2066,119.92866
AD2067,1344.0205
AD2068,423.03473
AD2069,443.4816
AD2070,151.46063
AD2071,993.5304
AD2072,1297.2079
AD2073,181.12234
AD2074,628.0655
AD2075,1150.1791
AD2076,1236.9
AD2077,1028.0935
AD2078,174.5925
AD2079,778.8067
AD2080,507.74
AD2081,850.7283
AD2082,84.67106
AD2083,567.1547
AD2084,1713.5104
AD2085,356.4294
AD2086,281.60583
AD2087,555.2123
AD2088,512.1155
AD2089,590.5633
AD2090,47.351387
AD2091,579.7523
AD2092,228.83002
AD2093,330.22858
AD2094,363.0504
AD2095,323.91086
AD2096,434.71854
AD2097,541.2068
AD2098,757.22003
AD2099,281.9678
AD2100,488.03864
AD2101,1308.3706
AD2102,945.56067
AD2103,837.4346
AD2104,130.97394
AD2105,409.39386
AD2106,584.9967
AD2107,289.62537
AD2108,280.10788
AD2109,191.34805
AD2110,222.67712
AD2111,807.4635
AD2112,783.37305
AD2113,1240.5134
AD2114,14.2254095
AD2115,950.389
AD2116,944.25214
AD2117,445.49872
AD2118,444.03046
AD2119,402.3875
AD2120,167.74673
AD2121,80.28477
AD2122,1365.3873
AD2123,672.108
AD2124,1237.8204
AD2125,319.58997
AD2126,195.96878
AD2127,175.59317
AD2128,155.9025
AD2129,128.1831
AD2130,259.55212
AD2131,39.489326
AD2132,61.253944
AD2133,1147.3733
AD2134,576.84436
AD2135,101.33662
AD2136,767.50024
AD2137,1197.8623
AD2138,1297.5667
AD2139,509.1346
AD2140,695.5153
AD2141,837.3456
AD2142,727.61176
AD2143,814.38666
AD2144,1518.9225
AD2145,919.177
AD2146,471.05334
AD2147,1035.3547
AD2148,453.58914
AD2149,255.01703
AD2150,459.7932
AD2151,330.2901
AD2152,231.3978
AD2153,497.36728
AD2154,1164.2446
AD2155,1005.2865
AD2156,200.50705
AD2157,114.16523
AD2158,598.7639
AD2159,686.7254
AD2160,1115.2028
AD2161,446.114
AD2162,708.3478
AD2163,114.43272
AD2164,682.94464
AD2165,120.05155
AD2166,168.25055
AD2167,1542.6139
AD2168,456.1779
AD2169,1136.202
AD2170,1260.7877
AD2171,130.9653
AD2172,893.6428
AD2173,925.1817
AD2174,1049.2163
AD2175,167.53848
AD2176,586.18365
AD2177,1191.5173
AD2178,415.41534
AD2179,985.44635
AD2180,919.31744
AD2181,194.42484
AD2182,213.43756
AD2183,175.28653
AD2184,675.39575
AD2185,1039.9318
AD2186,382.65936
AD2187,287.66238
AD2188,688.0067
AD2189,261.1472
AD2190,230.55826
AD2191,1733.1344
AD2192,651.571
AD2193,109.67713
AD2194,363.15497
AD2195,352.669
AD2196,345.1449
AD2197,377.5404
AD2198,1434.2739
AD2199,635.8908
AD2200,577.6377
AD2201,249.19934
AD2202,1107.2157
AD2203,169.28915
AD2204,287.55948
AD2205,529.7662
AD2206,214.35767
AD2207,146.13583
AD2208,337.6663
AD2209,330.29092
AD2210,330.39594
AD2211,425.8848
AD2212,739.97986
AD2213,461.02176
AD2214,779.32324
AD2215,200.6489
AD2216,165.15347
AD2217,640.1199
AD2218,754.8014
AD2219,698.66205
AD2220,434.9511
AD2221,442.53632
AD2222,236.39404
AD2223,518.05707
AD2224,618.006
AD2225,225.0867
AD2226,197.36691
AD2227,350.91797
AD2228,160.3635
AD2229,316.2702
AD2230,1525.964
AD2231,134.7474
AD2232,724.4002
AD2233,404.7319
AD2234,987.756
AD2235,323.08395
AD2236,208.4407
AD2237,807.9319
AD2238,284.81512
AD2239,420.62045
AD2240,243.63528
AD2241,1561.8842
AD2242,101.601326
AD2243,195.56012
AD2244,1239.1055
AD2245,142.18915
AD2246,325.10397
AD2247,267.88663
AD2248,722.3635
AD2249,233.70233
AD2250,102.785225
AD2251,385.12567
AD2252,533.6908
AD2253,189.82922
AD2254,376.73062
AD2255,678.72546
AD2256,531.7584
AD2257,257.63715
AD2258,522.5878
AD2259,694.6492
AD2260,218.03525
AD2261,696.386
AD2262,189.32135
AD2263,208.31265
AD2264,294.09424
AD2265,803.62085
AD2266,1031.5227
AD2267,1672.8572
AD2268,825.76855
AD2269,162.04526
AD2270,660.13116
AD2271,726.62714
AD2272,688.21576
AD2273,728.43274
AD2274,197.79703
AD2275,147.94498
AD2276,663.85645
AD2277,486.50415
AD2278,402.3079
AD2279,1932.5582
AD2280,915.02014
AD2281,191.99268
AD2282,1548.4248
AD2283,127.88032
AD2284,357.65863
AD2285,407.67575
AD2286,946.0407
AD2287,530.46643
AD2288,471.40726
AD2289,824.3404
AD2290,504.76202
AD2291,194.28955
AD2292,914.7049
AD2293,242.25894
AD2294,692.2355
AD2295,171.38925
AD2296,85.630745
AD2297,784.10223
AD2298,142.39111
AD2299,1242.8478
AD2300,895.3567
AD2301,242.90329
AD2302,255.95361
AD2303,539.05414
AD2304,1016.4737
AD2305,953.3747
AD2306,513.30396
AD2307,1444.9515
AD2308,233.56992
AD2309,263.6826
AD2310,1218.996
AD2311,913.16034
AD2312,441.5208
AD2313,355.03928
AD2314,758.2617
AD2315,686.5608
AD2316,1100.189
AD2317,584.6262
AD2318,129.07639
AD2319,476.73306
AD2320,887.7853
AD2321,749.9932
AD2322,420.08704
AD2323,232.45462
AD2324,154.52942
AD2325,244.71857
AD2326,931.79834
AD2327,443.4306
AD2328,451.099
AD2329,452.4925
AD2330,151.27252
AD2331,159.87216
AD2332,351.7409
AD2333,195.22507
AD2334,63.889137
AD2335,139.18222
AD2336,1232.4681
AD2337,126.99296
AD2338,164.25964
AD2339,945.5334
AD2340,143.50006
AD2341,466.88794
AD2342,569.71857
AD2343,1502.6477
AD2344,295.428
AD2345,949.2587
AD2346,272.3871
AD2347,429.34552
AD2348,143.87668
AD2349,589.2614
AD2350,1154.7705
AD2351,524.39667
AD2352,1418.3821
AD2353,110.054146
AD2354,164.62262
AD2355,15.855414
AD2356,644.9503
AD2357,134.02863
AD2358,192.69708
AD2359,602.6892
AD2360,1189.0326
AD2361,185.79977
AD2362,527.1007
AD2363,386.61145
AD2364,85.17457
AD2365,167.96875
AD2366,220.57108
AD2367,766.35345
AD2368,99.15522
AD2369,268.76617
AD2370,112.10667
AD2371,147.1192
AD2372,940.37115
AD2373,79.91126
AD2374,317.2858
AD2375,218.66895
AD2376,530.6024
AD2377,844.8472
AD2378,281.35687
AD2379,29.572027
AD2380,342.8823
AD2381,224.88416
AD2382,16.874456
AD2383,291.4259
AD2384,591.557
AD2385,622.593
AD2386,562.4136
AD2387,524.71014
AD2388,679.5815
AD2389,193.91043
AD2390,658.2756
AD2391,1272.3037
AD2392,182.56262
AD2393,584.4607
AD2394,575.69696
AD2395,156.09927
AD2396,625.4696
AD2397,568.6181
AD2398,561.75745
AD2399,399.37695
AD2400,593.63403
AD2401,574.312
AD2402,552.23444
AD2403,894.8447
AD2404,543.734
AD2405,672.161
AD2406,569.36865
AD2407,579.8833
AD2408,247.60638
AD2409,593.3785
AD2410,587.7372
AD2411,297.63254
AD2412,621.2445
AD2413,378.32465
AD2414,1706.3754
AD2415,694.1301
AD2416,324.13095
AD2417,508.80624
AD2418,1022.6893
AD2419,500.91586
AD2420,630.9558
AD2421,1033.4031
AD2422,341.86383
AD2423,421.2651
AD2424,434.25217
AD2425,182.14572
AD2426,695.8598
AD2427,239.14478
AD2428,892.2753
AD2429,257.54443
AD2430,475.44272
AD2431,955.37805
AD2432,642.90857
AD2433,76.11265
AD2434,975.6237
AD2435,1705.9773
AD2436,594.29456
AD2437,1221.2614
AD2438,184.76358
AD2439,137.64209
AD2440,436.25665
AD2441,1225.4308
AD2442,277.07373
AD2443,113.80317
AD2444,513.5046
AD2445,171.6484
AD2446,135.93741
AD2447,823.1401
AD2448,572.45197
AD2449,807.9783
AD2450,729.7399
AD2451,368.99188
AD2452,1558.9857
AD2453,792.0225
AD2454,236.81372
AD2455,155.54202
AD2456,273.37927
AD2457,570.74133
AD2458,1260.2292
AD2459,293.07037
AD2460,103.14222
AD2461,208.44495
AD2462,295.43286
AD2463,636.34106
AD2464,165.02771
AD2465,337.58167
AD2466,329.44675
AD2467,1541.5302
AD2468,539.1389
AD2469,918.7699
AD2470,608.7428
AD2471,204.68402
AD2472,161.74268
AD2473,667.83466
AD2474,76.42487
AD2475,281.9292
AD2476,852.4103
AD2477,464.24625
AD2478,80.8928
AD2479,364.7898
AD2480,184.1976
AD2481,651.7004
AD2482,209.60556
AD2483,773.6007
AD2484,70.844734
AD2485,817.80914
AD2486,1618.0273
AD2487,987.25415
AD2488,113.07783
AD2489,1675.9508
AD2490,1439.8868
AD2491,1043.6516
AD2492,576.81757
AD2493,160.80106
AD2494,30.268744
AD2495,302.9842
AD2496,462.14792
AD2497,667.26514
AD2498,200.11896
AD2499,541.23737
AD2500,196.88733
AD2501,641.058
AD2502,683.60297
AD2503,1030.9651
AD2504,1222.833
AD2505,205.99567
AD2506,446.90738
AD2507,383.81073
AD2508,922.2215
AD2509,163.4473
AD2510,440.5011
AD2511,480.29553
AD2512,482.7069
AD2513,332.11008
AD2514,203.99088
AD2515,251.8446
AD2516,924.5889
AD2517,304.9608
AD2518,762.192
AD2519,311.2114
AD2520,714.16754
AD2521,170.77545
AD2522,1142.7214
AD2523,1717.7197
AD2524,135.00156
AD2525,1325.8516
AD2526,1587.7596
AD2527,1153.4597
AD2528,595.53107
AD2529,416.84488
AD2530,360.2293
AD2531,427.10672
AD2532,434.71234
AD2533,777.2551
AD2534,854.1193
AD2535,154.836
AD2536,355.33386
AD2537,1031.8505
AD2538,183.0795
AD2539,33.12702
AD2540,1188.0979
AD2541,172.0127
AD2542,1124.7437
AD2543,385.83063
AD2544,1170.4154
AD2545,80.92249
AD2546,1375.9316
AD2547,864.0266
AD2548,582.82635
AD2549,610.92834
AD2550,421.9128
AD2551,503.605
AD2552,601.4207
AD2553,94.50706
AD2554,511.50754
AD2555,206.8078
AD2556,132.03226
AD2557,1206.5641
AD2558,554.5177
AD2559,497.4368
AD2560,1386.196
AD2561,1524.3164
AD2562,927.76355
AD2563,900.4647
AD2564,415.42087
AD2565,1320.0465
AD2566,363.3256
AD2567,1440.4064
AD2568,1474.4077
AD2569,211.03964
AD2570,153.48328
AD2571,735.15735
AD2572,526.3961
AD2573,30.086615
AD2574,169.90411
AD2575,353.75586
AD2576,200.8948
AD2577,890.56067
AD2578,595.0394
AD2579,169.39487
AD2580,402.80618
AD2581,244.62643
AD2582,1100.7233
AD2583,967.41675
AD2584,327.06284
AD2585,307.7464
AD2586,463.1641
AD2587,65.73585
AD2588,913.83856
AD2589,569.71295
AD2590,683.9178
AD2591,573.48596
AD2592,103.88914
AD2593,82.45051
AD2594,742.27905
AD2595,726.8978
AD2596,262.3799
AD2597,280.99246
AD2598,1628.7395
AD2599,728.57007
AD2600,612.91614
AD2601,131.34381
AD2602,363.20572
AD2603,215.03287
AD2604,1050.882
AD2605,531.0447
AD2606,367.08487
AD2607,667.69055
AD2608,343.71466
AD2609,301.8652
AD2610,1720.18
AD2611,704.41437
AD2612,242.62305
AD2613,478.47226
AD2614,224.49808
AD2615,14.471137
AD2616,203.55869
AD2617,458.99738
AD2618,427.91058
AD2619,283.9135
AD2620,232.8982
AD2621,1686.3853
AD2622,355.154
AD2623,620.1255
AD2624,1088.7034
AD2625,1794.6023
AD2626,776.4267
AD2627,818.4345
AD2628,119.82163
AD2629,1368.8882
AD2630,476.84262
AD2631,717.0507
AD2632,214.79294
AD2633,615.5371
AD2634,534.94934
AD2635,146.19424
AD2636,855.92944
AD2637,922.7572
AD2638,109.02061
AD2639,140.60336
AD2640,1308.1941
AD2641,1005.51276
AD2642,1062.3892
AD2643,-6.5893493
AD2644,164.00232
AD2645,1692.9377
AD2646,733.4673
AD2647,672.608
AD2648,136.4963
AD2649,1108.1263
AD2650,1302.278
AD2651,833.6015
AD2652,251.9544
AD2653,994.59863
AD2654,1648.2955
AD2655,160.25409
AD2656,554.4179
AD2657,183.60614
AD2658,897.85034
AD2659,858.69574
AD2660,240.37802
AD2661,631.7502
AD2662,1276.5902
AD2663,1369.4073
AD2664,383.7454
AD2665,115.2291
AD2666,663.04736
AD2667,825.4901
AD2668,1629.204
AD2669,200.93033
AD2670,154.74716
AD2671,437.02948
AD2672,1055.1545
AD2673,137.54837
AD2674,367.29565
AD2675,494.4047
AD2676,89.468666
AD2677,749.3627
AD2678,175.46933
AD2679,1175.3292
AD2680,630.4732
AD2681,1106.9271
AD2682,320.803
AD2683,300.81534
AD2684,134.24207
AD2685,159.53152
AD2686,656.517
AD2687,952.3389
AD2688,1107.409
AD2689,773.9683
AD2690,235.85205
AD2691,548.9718
AD2692,145.18091
AD2693,398.3879
AD2694,1499.4158
AD2695,217.31378
AD2696,174.02127
AD2697,156.7298
AD2698,328.01624
AD2699,95.60041
AD2700,396.44293
AD2701,158.76773
AD2702,216.28998
AD2703,71.43403
AD2704,591.62103
AD2705,1183.8109
AD2706,264.922
AD2707,221.93857
AD2708,81.45573
AD2709,1139.8326
AD2710,1576.1521
AD2711,375.78488
AD2712,766.415
AD2713,1369.9865
AD2714,335.31717
AD2715,222.37799
AD2716,484.0542
AD2717,1141.3905
AD2718,275.2002
AD2719,201.014
AD2720,1170.11
AD2721,551.94257
AD2722,299.43118
AD2723,56.49494
AD2724,137.40244
AD2725,496.9646
AD2726,514.47943
AD2727,181.43253
AD2728,194.14978
AD2729,337.29654
AD2730,1211.1869
AD2731,292.9803
AD2732,67.64393
AD2733,1108.5062
AD2734,158.75543
AD2735,693.47314
AD2736,582.1146
AD2737,353.32388
AD2738,1307.8541
